{
  "model": "deepseek-ai/DeepSeek-V3.2",
  "mode": "parent",
  "n_test": 8044,
  "n_categories": 13,
  "macro_f1": 0.622549251482945,
  "micro_f1": 0.6934032983508246,
  "macro_auc": 0.7459697857754146,
  "wall_time_min": 6.546704363822937,
  "prompt_tokens": 7428529,
  "completion_tokens": 150910,
  "cached_tokens": 4628736,
  "estimated_cost_usd": 1.38702766,
  "failed_requests": 0,
  "parse_tiers": {
    "json": 8041,
    "json_fuzzy": 0,
    "regex": 0,
    "fuzzy": 0,
    "empty": 3
  }
}